{
  "n_images": 200,
  "actions": [
    "sit",
    "run",
    "grasp"
  ],
  "gt_exceptions_only": false,
  "models": {
    "gpt_5_5": {
      "n": 13512,
      "n_exc_text": 579,
      "mAcc_7": 0.25072065478307515,
      "mAcc_3": 0.48003567286670196,
      "ok": 0,
      "err": 0,
      "explanation": {
        "BLEU-4": 0.005458079714995201,
        "METEOR": 0.050824999623011166,
        "ROUGE-L": 0.03606466205917522,
        "CIDEr": 0.0
      },
      "consequence": {
        "BLEU-4": 0.006242337391590335,
        "METEOR": 0.03875115443193868,
        "ROUGE-L": 0.031212514797956697,
        "CIDEr": 0.0
      }
    },
    "claude_sonnet_5": {
      "n": 13512,
      "n_exc_text": 579,
      "mAcc_7": 0.28943026190608656,
      "mAcc_3": 0.5037993934497648,
      "ok": 9564,
      "err": 0,
      "explanation": {
        "BLEU-4": 0.014507885308809074,
        "METEOR": 0.16847765356857267,
        "ROUGE-L": 0.10202687423160367,
        "CIDEr": 0.0
      },
      "consequence": {
        "BLEU-4": 0.01773937149314246,
        "METEOR": 0.13739209936664015,
        "ROUGE-L": 0.08275205909852504,
        "CIDEr": 0.0
      }
    },
    "gemini_3_5_flash": {
      "n": 13126,
      "n_exc_text": 563,
      "mAcc_7": 0.2764531480339612,
      "mAcc_3": 0.5306322467266164,
      "ok": 3777,
      "err": 386,
      "explanation": {
        "BLEU-4": 0.013804473100956319,
        "METEOR": 0.12560591430546147,
        "ROUGE-L": 0.08119867785790025,
        "CIDEr": 0.0
      },
      "consequence": {
        "BLEU-4": 0.010398067713032757,
        "METEOR": 0.09771727131641779,
        "ROUGE-L": 0.061573205777229474,
        "CIDEr": 0.0
      }
    },
    "llama_4_maverick": {
      "n": 13504,
      "n_exc_text": 579,
      "mAcc_7": 0.24007447445999605,
      "mAcc_3": 0.47088963750717383,
      "ok": 3,
      "err": 8,
      "explanation": {
        "BLEU-4": 0.013451128543071511,
        "METEOR": 0.07996554006978565,
        "ROUGE-L": 0.07016361161244182,
        "CIDEr": 0.0
      },
      "consequence": {
        "BLEU-4": 0.009059913274842953,
        "METEOR": 0.04023082390901294,
        "ROUGE-L": 0.03432189470213914,
        "CIDEr": 0.0
      }
    }
  }
}